t_ms,entropy_ema,churn01,dCurv01,meanAbsCurv01,two1_eff_rate01,tmr01,feedback_tick,roi_amp01,roi_deqRate01,roi_curvCover01,roi_curvEntropy01,roi_two1RawRate01,two1_exp01,bmu_stability,queue_size,queue_cap
1770319885230,0.25,0.2765660263300931,0.0,0.0,0.0,0.0,1,1.0,0.0,0.0,0.0,0.0,0.0,0.5,2,5
1770319885486,0.11664047331437312,0.0642824346533225,0.0,0.0,0.0,0.9,0,1.0,0.9765625,0.0,0.0,0.0,0.0,0.8,1,5
1770319885741,0.07802777342538877,0.0,0.0,0.0,0.0,1.0,0,1.0,0.9803921568627451,0.0,0.0,0.0,0.0,0.8846153846153846,0,5
1770319885997,0.059571481690078004,0.0,0.0,0.0,0.0,1.0,0,1.0,0.0,0.0,0.0,0.0,0.0,0.9189189189189189,1,5
1770319886252,0.04859149324997536,0.0,0.0,0.0,0.0,1.0,0,1.0,0.49019607843137253,0.0,0.0,0.0,0.0,0.9375,1,5
1770319886507,0.04124635340383718,0.0,0.0,0.0,0.0,1.0,0,1.0,0.9803921568627451,0.0,0.0,0.0,0.0,0.9491525423728814,0,5
1770319886763,0.035957947574106135,0.0,0.0,0.0,0.0,1.0,0,1.0,0.0,0.0,0.0,0.0,0.0,0.9571428571428572,1,5
1770319887018,0.04787340979917539,0.018366409900949288,0.0,0.0,0.0,0.9,0,0.9634877034411378,0.49019607843137253,0.0,0.0,0.0,0.0,0.9382716049382716,1,5
1770319887274,0.09169308493365412,0.040536627838436916,0.0,0.0,0.0,0.6666666666666667,0,0.521126930402903,0.0,0.0,0.0,0.0,0.0,0.9021739130434783,2,5
1770319887529,0.1467960240024015,0.09943966557782312,0.0,0.0,0.0,0.09090909090909094,0,0.3570711824367493,0.9803921568627451,0.0,0.0,0.0,0.0,0.8155339805825242,1,5
1770319887784,0.2386106012988525,0.1704071866466903,0.0,0.0,0.0,0.2857142857142857,0,0.21948056780095063,0.0,0.0,0.0,0.0,0.0,0.7543859649122807,2,5
1770319888040,0.3360245317405091,0.19651675280923764,1.0,14.795480524182844,1.0,0.125,0,0.14008373256128664,0.9765625,0.015625,0.0,0.38631974880164144,0.0772639497603283,0.704,1,5
1770319888294,0.4318587506898533,0.3447739627917988,1.0,12.665394536932205,0.0,0.0,0,0.09755417686690698,0.0,0.015625,0.0,0.0,0.06181115980826264,0.6544117647058824,2,5
1770319888550,0.5167933221649622,0.3373123534330649,1.0,10.372563764313359,0.0,0.2857142857142857,0,0.0828416968467444,0.9765625,0.015625,0.0,0.0,0.04944892784661012,0.6054421768707483,1,5
1770319888805,0.5859773624762987,0.23703898647630825,1.0,9.145013089732819,0.0,0.0,0,0.07281938038319447,0.0,0.015625,0.0,0.0,0.0395591422772881,0.5632911392405063,2,5
1770319889061,0.6353366478258685,0.15905612107659103,1.0,7.640771410654305,0.0,0.09999999999999998,0,0.07773219458794263,0.9765625,0.015625,0.0,0.0,0.03164731382183048,0.5384615384615384,1,5
1770319889317,0.6611930941695803,0.16478592663656735,1.0,6.806758110163135,0.0,0.0,0,0.06537997572619528,0.0,0.015625,0.0,0.0,0.025317851057464386,0.5111111111111111,2,5
1770319889571,0.6644730790730012,0.1962600666035612,1.0,5.773122551107499,0.0,0.09999999999999998,0,0.06486880906367173,0.984251968503937,0.015625,0.0,0.0,0.02025428084597151,0.481675392670157,1,5
1770319889828,0.6468965971931782,0.25317674827999365,1.0,5.2798972014441325,0.0,0.19999999999999996,0,0.08435046707127665,0.0,0.015625,0.0,0.0,0.016203424676777208,0.4554455445544554,2,5
1770319890082,0.643198843171419,0.28610740809300833,1.0,4.580492096025378,0.0,0.30000000000000004,0,0.07359173176031758,0.984251968503937,0.015625,0.0,0.0,0.012962739741421767,0.431924882629108,1,5
1770319890345,0.6351538138389871,0.22534128200579776,0.8477863086247138,4.255732931458571,0.0,0.0,0,0.08421593519982028,0.0,0.015625,0.0,0.0,0.010370191793137414,0.42152466367713004,2,5
1770319890599,0.6253750312905275,0.21635600062112986,1.0,3.671535604361116,0.0,0.19999999999999996,0,0.0707902412660141,0.984251968503937,0.015625,0.0,0.0,0.008296153434509932,0.405982905982906,1,5
1770319890855,0.6138566268799491,0.22599811003862394,0.6215801698174113,3.4569655950010794,0.0,0.0,0,0.0701281309400033,0.0,0.015625,0.0,0.0,0.006636922747607946,0.3918367346938776,2,5
1770319891111,0.6262038648754836,0.24657260007282292,1.0,3.0177480771075835,0.0,0.0,0,0.06386489077977965,0.9765625,0.015625,0.0,0.0,0.005309538198086357,0.375,1,5
1770319891366,0.6431982382707405,0.28903422181779287,0.6037945860771221,2.8450974830301727,0.0,0.09090909090909094,0,0.06172158041734413,0.0,0.015625,0.0,0.0,0.004247630558469086,0.3595505617977528,2,5
1770319891621,0.645898771620581,0.25679766485358513,1.0,2.49695654241504,0.0,0.0,0,0.06578764079006966,0.9803921568627451,0.015625,0.0,0.0,0.0033981044467752686,0.34892086330935257,1,5
1770319891877,0.6651058845576615,0.2912836873686758,0.5157458033653208,2.365716913342194,0.0,0.18181818181818177,0,0.06665332992823053,0.0,0.015625,0.0,0.0,0.002718483557420215,0.33564013840830453,2,5
1770319892132,0.6714703562345324,0.26992145948237756,1.0,2.126336321698061,0.0,0.0,0,0.07150930250024054,0.9803921568627451,0.015625,0.0,0.0,0.002174786845936172,0.32333333333333336,1,5
1770319892388,0.671644588084652,0.213477719172024,0.5090980210350456,2.011770332427548,0.0,0.0,0,0.06818044228268712,0.0,0.015625,0.0,0.0,0.0017398294767489377,0.315112540192926,2,5
1770319892643,0.6704561822143235,0.2304732304369113,1.0,1.7873855855380356,0.0,0.09090909090909094,0,0.06625347386375642,0.9803921568627451,0.015625,0.0,0.0,0.0013918635813991503,0.3074534161490683,1,5
1770319892899,0.6642985943410802,0.30537995815454955,0.34418448302969296,1.713323104777112,0.0,0.11111111111111116,0,0.06714377557810282,0.0,0.015625,0.0,0.0,0.0011134908651193203,0.3003003003003003,2,5
1770319893153,0.6893672867479939,0.2892927239521166,0.4300876992840143,1.6273691833763924,0.0,0.09999999999999998,0,0.07186031045330762,0.0,0.015625,0.0,0.0,8.907926920954563E-4,0.2906976744186046,3,5
1770319893410,0.6941126490051491,0.2648410494378901,0.3257749374393167,1.5623335754938596,0.0,0.0,0,0.06885073050551285,0.0,0.015625,0.0,0.0,7.126341536763651E-4,0.2845070422535211,4,5
1770319893665,0.727470058495328,0.2744028991263308,0.45100131259061277,1.478765205661562,0.0,0.0,1,0.06987721884558834,0.0,0.015625,0.0,0.0,5.701073229410921E-4,0.27595628415300544,5,5
1770319893920,0.731745863839322,0.3085666564828255,0.34945167084221745,1.4146887012046925,0.0,0.09999999999999998,1,0.06558820069811644,0.0,0.015625,0.0,0.0,4.560858583528737E-4,0.2679045092838196,5,5
1770319894176,0.7282219334592701,0.2677117808269552,0.46319822369074504,1.3342766345736745,0.0,0.0,1,0.06177910996754078,0.0,0.015625,0.0,0.0,3.64868686682299E-4,0.2603092783505154,5,5
1770319894431,0.7266309027219648,0.29074716681235946,0.8556966617067147,1.1926356188496352,0.0,0.18181818181818177,0,0.06815478083434778,0.9803921568627451,0.015625,0.0,0.0,2.918949493458392E-4,0.25313283208020054,4,5
1770319894687,0.7383754797234945,0.31526375299624215,0.25690280971475815,1.1497722395751049,0.0,0.09999999999999998,0,0.0796908523546781,0.0,0.015625,0.0,0.0,2.3351595947667138E-4,0.24634146341463414,5,5
1770319894942,0.7646906218876942,0.3293095960014889,0.2165484613071826,1.1144179047593226,0.0,0.0,1,0.06867587126313432,0.0,0.015625,0.0,0.0,1.868127675813371E-4,0.23990498812351546,5,5
1770319895197,0.7622466197178842,0.3060306866830711,0.3172121427417156,1.064565715962279,0.0,0.0,1,0.06586765650994902,0.0,0.015625,0.0,0.0,1.4945021406506968E-4,0.23379629629629628,5,5
1770319895452,0.7688794761909898,0.24536305526269714,0.30750505007842605,1.017428127584271,0.0,0.0,0,0.06284366945538965,0.0,0.015625,0.0,0.0,1.1956017125205575E-4,0.2279909706546276,5,5
1770319895708,0.7725341776311442,0.319198250626364,0.26585617571847425,0.9776567174974398,0.0,0.09090909090909094,1,0.06191419364372211,0.0,0.015625,0.0,0.0,9.564813700164461E-5,0.22246696035242286,5,5
1770319895964,0.762835526743451,0.29344394370479454,0.6245647950642838,0.8854220699856824,0.0,0.0,0,0.062388904960811536,0.9765625,0.015625,0.0,0.0,7.65185096013157E-5,0.21935483870967742,4,5
1770319896219,0.7601527926193894,0.3438929772112411,0.20752251361449328,0.8561355961797278,0.0,0.09090909090909094,1,0.06477634314650492,0.0,0.015625,0.0,0.0,6.121480768105256E-5,0.2142857142857143,5,5
1770319896474,0.7680509177379895,0.3451411572093262,0.1750705741515139,0.8321787355376864,0.0,0.09090909090909094,1,0.06567193513194879,0.0,0.015625,0.0,0.0,4.897184614484205E-5,0.20944558521560575,5,5
1770319896730,0.7785955720756452,0.396334971591879,0.17275175336540122,0.8090806554963295,0.0,0.0,0,0.06152366637104427,0.0,0.015625,0.0,0.0,3.917747691587364E-5,0.2068273092369478,5,5
1770319896985,0.7811480686545289,0.20280428520933966,0.25338142467554736,0.7751483131423186,0.0,0.0,1,0.06374145882223524,0.0,0.015625,0.0,0.0,3.134198153269891E-5,0.20432220039292726,5,5
1770319897241,0.769889647685634,0.40275523066680147,0.21926832753774755,0.7465857747419284,0.0,0.0,0,0.06355396649138119,0.0,0.015625,0.0,0.0,2.507358522615913E-5,0.19999999999999996,5,5
1770319897497,0.7646208819210837,0.31947135442994795,0.16149346100234946,0.72646797248723,0.0,0.09090909090909094,1,0.06576159724530167,0.0,0.015625,0.0,0.0,2.0058868180927306E-5,0.19962335216572502,5,5
1770319897751,0.7640400226784223,0.3223284652195385,0.23694672216746512,0.6965516613650283,0.0,0.0,1,0.06077970784643377,0.0,0.015625,0.0,0.0,1.6047094544741845E-5,0.1955719557195572,5,5
1770319898007,0.7787282043322672,0.2743521441242162,0.40056856639625854,0.645173317453355,0.0,0.0,0,0.06344526417242845,0.48828125,0.015625,0.0,0.0,1.2837675635793476E-5,0.1916817359855335,5,5
1770319898263,0.7852981685153614,0.2497837074290111,0.23816957298598365,0.6160109515028147,0.0,0.09090909090909094,1,0.060941997988395634,0.0,0.015625,0.0,0.0,1.0270140508634782E-5,0.1879432624113475,5,5
1770319898518,0.7825456944246892,0.3368941303422396,0.16248661918518412,0.5971912801798178,0.0,0.0,1,0.06126676867525158,0.0,0.015625,0.0,0.0,8.216112406907827E-6,0.18434782608695655,5,5
1770319898774,0.7975397984619389,0.29723814800053944,0.13718153882878453,0.5819450892400346,0.0,0.11111111111111116,1,0.06123183814854059,0.0,0.015625,0.0,0.0,6.5728899255262615E-6,0.1808873720136519,5,5
1770319899028,0.7942334276455673,0.20631665643646993,0.24474555210899296,0.5532118326279148,0.0,0.09090909090909094,1,0.06087069760738893,0.0,0.015625,0.0,0.0,5.25831194042101E-6,0.18090452261306533,5,5
1770319899284,0.7987933710277801,0.30942250835517593,0.214467750937209,0.5286703993039612,0.0,0.0,0,0.06136283286007592,0.0,0.015625,0.0,0.0,4.206649552336808E-6,0.17763157894736847,5,5
1770319899539,0.7988900735113524,0.3135424073331233,0.32597643872705173,0.4904377661073567,0.0,0.0,1,0.05996916234192377,0.9803921568627451,0.015625,0.0,0.0,3.3653196418694465E-6,0.1760904684975767,3,5
1770319899795,0.805351818417329,0.3607881327245361,0.11773928522801919,0.47841465978203856,0.0,0.0,1,0.06358439066221165,0.0,0.015625,0.0,0.0,2.6922557134955573E-6,0.17460317460317465,5,5
1770319900051,0.8106636367634842,0.2777300360386094,0.37255594703651784,0.4352477300555832,0.0,0.0,0,0.06651938349178105,0.9765625,0.015625,0.0,0.0,2.153804570796446E-6,0.17160686427457095,3,5
1770319900305,0.8036643603284069,0.3243244250232857,0.1585216185295074,0.4184925596866228,0.0,0.0,0,0.06308289228466474,0.0,0.015625,0.0,0.0,1.7230436566371568E-6,0.16871165644171782,4,5
1770319900576,0.8104971943133009,0.25982333937284496,0.15414491234054487,0.4024472264102916,0.0,0.19999999999999996,0,0.06871707348688855,0.0,0.015625,0.0,0.0,1.3784349253097256E-6,0.16616314199395765,5,5
1770319900831,0.8086315018486947,0.33558519838880685,0.08422374414859972,0.3948851357793252,0.0,0.0,1,0.064455085126019,0.0,0.015625,0.0,0.0,1.1027479402477805E-6,0.16344725111441305,5,5
1770319901086,0.8121849275341787,0.27301775177192045,0.13275216214268704,0.3817325732138572,0.0,0.0,1,0.06700323465120489,0.0,0.015625,0.0,0.0,8.821983521982245E-7,0.16081871345029242,5,5
1770319901342,0.8099432975876013,0.3909744761605822,0.1297989824559206,0.36906501186672697,0.0,0.0,0,0.06852850308107983,0.0,0.015625,0.0,0.0,7.057586817585796E-7,0.15827338129496404,5,5
1770319901597,0.820013037554212,0.31303557742168375,0.11136562599147014,0.35864836372265546,0.0,0.09090909090909094,1,0.06561479725761392,0.0,0.015625,0.0,0.0,5.646069454068638E-7,0.15580736543909346,5,5
1770319901853,0.8280345525413902,0.3355248398492911,0.10947997221833465,0.3485610030735204,0.0,0.0,1,0.07118282216755237,0.0,0.015625,0.0,0.0,4.51685556325491E-7,0.1534170153417015,5,5
1770319902109,0.8341634125470003,0.4409188581475084,0.18195790089832495,0.3304327930831933,0.0,0.0,1,0.0626424460643453,0.48828125,0.015625,0.0,0.0,3.6134844506039283E-7,0.15247252747252749,4,5
1770319902364,0.8334697607561233,0.3408784771458854,0.13175705330549448,0.31803306180579294,0.0,0.09999999999999998,1,0.06334017739078739,0.0,0.015625,0.0,0.0,2.8907875604831426E-7,0.15020297699594043,5,5
1770319902619,0.8203577143800794,0.24336738302417707,0.12818602636640072,0.30613517493202685,0.0,0.0,0,0.06194564060717638,0.0,0.015625,0.0,0.0,2.312630048386514E-7,0.14800000000000002,5,5
1770319902875,0.8281473450896059,0.28702404055429426,0.11116904301767244,0.2961927503938273,0.0,0.0,1,0.06323840779296158,0.0,0.015625,0.0,0.0,1.8501040387092115E-7,0.1458607095926413,5,5
1770319903130,0.8283522668502961,0.353266920928354,0.09541191248597942,0.2880368546412038,0.0,0.0,1,0.0667504374344183,0.0,0.015625,0.0,0.0,1.4800832309673692E-7,0.14378238341968907,5,5
1770319903386,0.8314109384563283,0.3348490238828835,0.1199711663746771,0.2773412308894201,0.0,0.09090909090909094,0,0.0649742244720047,0.0,0.015625,0.0,0.0,1.1840665847738954E-7,0.1430395913154534,5,5
1770319903641,0.8240936725803898,0.34249692971258555,0.07847476683721882,0.27110575084109984,0.0,0.0,1,0.07289050083299453,0.0,0.015625,0.0,0.0,9.472532678191164E-8,0.14231738035264485,5,5
1770319903896,0.8184756567188742,0.3976829864476252,0.11542106802621252,0.26108138942341613,0.0,0.0,0,0.06771235549408147,0.0,0.015625,0.0,0.0,7.578026142552932E-8,0.14037267080745341,5,5
1770319904152,0.8007649125181542,0.33406160547574937,0.14855132122254894,0.24770830596633198,0.0,0.0,1,0.06598338805798759,0.48828125,0.015625,0.0,0.0,6.062420914042346E-8,0.1384803921568627,5,5
1770319904407,0.8083092142686913,0.27405249048029073,0.060444383715892606,0.24342339375913682,0.0,0.0,1,0.06525546206935923,0.0,0.015625,0.0,0.0,4.8499367312338765E-8,0.13663845223700122,5,5
1770319904663,0.8139272301302067,0.30534565857768414,0.0600790598625801,0.23922267605332276,0.0,0.09090909090909094,0,0.0692716309671539,0.0,0.015625,0.0,0.0,3.8799493849871014E-8,0.13603818615751795,5,5
1770319904918,0.8111747560395347,0.30423177550084457,0.09476781499879589,0.23160332303198491,0.0,0.0,1,0.06446022450889033,0.0,0.015625,0.0,0.0,3.103959507989681E-8,0.13427561837455826,5,5
1770319905173,0.8086851517506621,0.28289199679089005,0.058430457282457174,0.22763302440108632,0.0,0.09090909090909094,0,0.0657782452097887,0.0,0.015625,0.0,0.0,2.483167606391745E-8,0.13372093023255816,5,5
1770319905429,0.8201097400377844,0.28036828635746575,0.09217212765883605,0.22040753799697463,0.0,0.0,1,0.06636481785454583,0.0,0.015625,0.0,0.0,1.9865340851133962E-8,0.13318025258323762,5,5
1770319905701,0.8155567401780189,0.31990580808950164,0.04558941684889286,0.2177393431759334,0.0,0.0,1,0.06636399166588729,0.0,0.015625,0.0,0.0,1.589227268090717E-8,0.1319681456200228,5,5
1770319905956,0.8107172866654516,0.3032813891640282,0.07907343239808834,0.21190539164890265,0.0,0.09090909090909094,0,0.07367170720304343,0.0,0.015625,0.0,0.0,1.2713818144725736E-8,0.13146067415730334,5,5
1770319906211,0.8366099642542681,0.4246860750347728,0.12091719838069125,0.20215378016309427,0.0,0.0,1,0.06747386833362436,0.49019607843137253,0.015625,0.0,0.0,1.0171054515780589E-8,0.1298557158712541,5,5
1770319906466,0.8399432975876014,0.42282602124648855,0.07493608031098775,0.19676726260534705,0.0,0.0,1,0.0624605548823119,0.0,0.015625,0.0,0.0,8.136843612624472E-9,0.1282894736842105,5,5
1770319906722,0.8545347767578738,0.4047871179954119,0.0840245755203183,0.19057846793500102,0.0,0.0,0,0.06400847580191839,0.0,0.015625,0.0,0.0,6.5094748900995776E-9,0.12676056338028174,5,5
1770319906978,0.8487548917172729,0.24963809277325402,0.08223373880828194,0.18459539036146488,0.0,0.0,1,0.06282611788543298,0.0,0.015625,0.0,0.0,5.207579912079662E-9,0.12633832976445392,5,5
1770319907232,0.8560721575932116,0.3421104970782256,0.07061297826180687,0.1797074403376031,0.0,0.0,0,0.0663074350395371,0.0,0.015625,0.0,0.0,4.1660639296637295E-9,0.1248677248677249,5,5
1770319907488,0.8549374016248508,0.4355007381305634,0.04989125449961594,0.17671691213767604,0.0,0.0,1,0.0657290008564339,0.0,0.015625,0.0,0.0,3.332851143730984E-9,0.12343096234309625,5,5
1770319907744,0.8569859017362392,0.3593478714392996,0.07872302414645557,0.17119199327054568,0.0,0.0,1,0.06621599550211167,0.0,0.015625,0.0,0.0,2.6662809149847874E-9,0.12202688728024824,5,5
1770319907999,0.8520184850839957,0.4125148749850141,0.06760245185206205,0.16668070461609294,0.0,0.09090909090909094,0,0.06726045635371174,0.0,0.015625,0.0,0.0,2.13302473198783E-9,0.12167689161554196,5,5
1770319908254,0.8503459224545782,0.35503420881928743,0.10341232917043233,0.1590789067724,0.0,0.0,1,0.07519733839644907,0.49019607843137253,0.015625,0.0,0.0,1.706419785590264E-9,0.12032355915065718,5,5
1770319908510,0.8478414227062012,0.4146805614479372,0.046032498287858346,0.15646339887958466,0.0,0.0,0,0.06846662686328067,0.0,0.015625,0.0,0.0,1.3651358284722114E-9,0.119,5,5
1770319908765,0.8345778293394788,0.36528715178174587,0.05477414892959282,0.15312655700708339,0.0,0.0,1,0.07337899773377703,0.0,0.015625,0.0,0.0,1.0921086627777692E-9,0.11770524233432245,5,5
1770319909020,0.8198896476856338,0.3688737135355437,0.08061828958070989,0.14763230975017053,0.0,0.2727272727272727,1,0.06417630136233415,0.0,0.015625,0.0,0.0,8.736869302222153E-10,0.11643835616438358,5,5
1770319909277,0.8207066893450888,0.28768059061332774,0.035362112238550784,0.14595004197994244,0.0,0.0,0,0.06725874597148727,0.0,0.015625,0.0,0.0,6.989495441777723E-10,0.11616650532429817,5,5
1770319909531,0.8185617618820838,0.518860695397523,0.061356257017735574,0.14213886781739368,0.0,0.0,1,0.06962839345598114,0.0,0.015625,0.0,0.0,5.591596353422179E-10,0.11494252873563215,5,5
1770319909787,0.8398896476856338,0.37985016496530166,0.043356634668414724,0.139825177819101,0.0,0.0,1,0.06820246154168329,0.0,0.015625,0.0,0.0,4.473277082737744E-10,0.11374407582938384,5,5
1770319910043,0.849819907719023,0.3896157763751354,0.05159341968739044,0.1368654599392191,0.0,0.0,1,0.06266960224408769,0.0,0.015625,0.0,0.0,3.5786216661901954E-10,0.11257035647279545,5,5
1770319910298,0.859528880795123,0.36119469011990885,0.10854161270097015,0.12935897062978888,0.0,0.0,1,0.0766217765245067,0.49019607843137253,0.015625,0.0,0.0,2.8628973329521566E-10,0.11142061281337046,5,5
1770319910553,0.8685023441038798,0.45281611883307454,0.04068043747305785,0.12726930772923029,0.0,0.0,0,0.08643391542510911,0.0,0.015625,0.0,0.0,2.2903178663617253E-10,0.11029411764705888,5,5
1770319910803,0.8602449218318637,0.17073410499558606,0.032446464365110284,0.12584440969065305,0.0,0.0,1,0.07280161601050299,0.0,0.015625,0.0,0.0,1.8322542930893804E-10,0.11131386861313863,5,5
1770319911060,0.8580032918852863,0.4226434700885094,0.05630305786500927,0.12258225356853333,0.0,0.0,1,0.06721859020667835,0.0,0.015625,0.0,0.0,1.4658034344715044E-10,0.11020776874435412,5,5
1770319911314,0.8709919483927524,0.3041048429250941,0.07086529609333189,0.11821876259195488,0.0,0.0,1,0.064510439180987,0.0,0.015625,0.0,0.0,1.1726427475772036E-10,0.1091234347048301,5,5
1770319911570,0.8713096627016582,0.3912966916353895,0.05397145357194246,0.11516283379646888,0.0,0.0,1,0.06251065110171665,0.0,0.015625,0.0,0.0,9.38114198061763E-11,0.10806023029229406,5,5
1770319911826,0.8825293292280902,0.37807648857733905,0.053117543940188715,0.1121892398753727,0.0,0.0,0,0.07031233803704921,0.0,0.015625,0.0,0.0,7.504913584494105E-11,0.10701754385964912,5,5
1770319912080,0.8752120633521514,0.376527552687636,0.04492817917818102,0.10984421333681257,0.0,0.0,1,0.06493698799604924,0.0,0.015625,0.0,0.0,6.003930867595284E-11,0.10686359687228497,5,5
1770319912336,0.8738841775486016,0.30373742591348324,0.0733023793767241,0.10541798893393166,0.0,0.0,1,0.0645527236440565,0.48828125,0.015625,0.0,0.0,4.803144694076227E-11,0.10585197934595525,5,5
1770319912592,0.8858626625614235,0.364127695521604,0.05713165692689346,0.10219276052268032,0.0,0.09090909090909094,0,0.06969752538489364,0.0,0.015625,0.0,0.0,3.842515755260982E-11,0.1048593350383632,5,5
1770319912847,0.8735128133377285,0.31639764487724487,0.03524169928650223,0.1005688195239583,0.0,0.0,1,0.06729940218138995,0.0,0.015625,0.0,0.0,3.074012604208786E-11,0.10388513513513509,5,5
1770319913103,0.8841203599653955,0.3167802683719644,0.06242344810154718,0.09700952319784839,0.0,0.0,0,0.06837231435536506,0.0,0.015625,0.0,0.0,2.4592100833670287E-11,0.102928870292887,5,5
1770319913358,0.8814376258413341,0.4330574490267579,0.0341419736897799,0.09547281874562007,0.0,0.0,1,0.06505710296303832,0.0,0.015625,0.0,0.0,1.967368066693623E-11,0.10199004975124382,5,5
1770319913613,0.8855449482525177,0.5185937614757828,0.04063709236886027,0.09349250774261912,0.0,0.0,1,0.06433681933291974,0.0,0.015625,0.0,0.0,1.5738944533548985E-11,0.10106820049301557,5,5
1770319913868,0.8774536932987288,0.3585277239744639,0.05332687616595177,0.0906426142977631,0.0,0.0,0,0.06457196909021318,0.0,0.015625,0.0,0.0,1.2591155626839189E-11,0.10097719869706845,5,5
1770319914125,0.8723898492948687,0.2802798917417392,0.05222168553661794,0.0878820211693183,0.0,0.09999999999999998,1,0.06064643126352472,0.0,0.015625,0.0,0.0,1.0072924501471351E-11,0.10008071025020182,5,5
1770319914379,0.8666797042208787,0.4910302038848998,0.07591426008340846,0.08351778025915402,0.0,0.0,0,0.06252354629000778,0.4921259842519685,0.015625,0.0,0.0,8.058339601177082E-12,0.09919999999999995,5,5
1770319914635,0.8526957716782735,0.4419611505730096,0.036991717187454434,0.08179501816679301,0.0,0.0,1,0.06130060544410218,0.0,0.015625,0.0,0.0,6.4466716809416656E-12,0.09833465503568595,5,5
1770319914890,0.8545393500289715,0.455783344404129,0.024529029138433456,0.08091563077659382,0.0,0.0,1,0.06080133371046896,0.0,0.015625,0.0,0.0,5.157337344753333E-12,0.09748427672955973,5,5
1770319915146,0.8394393011201062,0.31551804768604524,0.054455672412562155,0.07806669275531374,0.0,0.0,0,0.06093505421141622,0.0,0.015625,0.0,0.0,4.1258698758026665E-12,0.09664848012470773,5,5
1770319915401,0.8206108327390054,0.36113691405931325,0.10915143538511157,0.07164037916665882,0.0,0.0,1,0.06117632858281201,0.9803921568627451,0.015625,0.0,0.0,3.300695900642133E-12,0.09582689335394123,3,5
1770319915657,0.8198368436611551,0.38512906408682446,0.038403634152431795,0.0698201716251261,0.0,0.0,1,0.0632559879310571,0.0,0.015625,0.0,0.0,2.6405567205137067E-12,0.09501915708812259,5,5
1770319915918,0.8146378178632154,0.3929000779342558,0.027146255456205956,0.06873255899114482,0.0,0.1428571428571429,1,0.06136787572471996,0.0,0.015625,0.0,0.0,2.1124453764109655E-12,0.09451219512195119,5,5
1770319916173,0.8348140117562726,0.3137653888939671,0.032315900637612235,0.06732452761213582,0.0,0.09090909090909094,1,0.0681116213086938,0.0,0.015625,0.0,0.0,1.6899563011287724E-12,0.0937263794406652,5,5
1770319916428,0.8388782815858512,0.3674042739275779,0.031977965296057585,0.06594625019317013,0.0,0.0,0,0.06624384976152191,0.0,0.015625,0.0,0.0,1.3519650409030181E-12,0.0929535232383808,5,5
1770319916683,0.8478681100912071,0.31052305321393575,0.03164377546204365,0.06459706116295727,0.0,0.09090909090909094,1,0.06586606830744403,0.0,0.015625,0.0,0.0,1.0815720327224146E-12,0.09293680297397766,5,5
1770319916939,0.8548140117562721,0.45707959908842677,0.020984323079410165,0.06391344452837243,0.0,0.0,1,0.06430866441800895,0.0,0.015625,0.0,0.0,8.652576261779317E-13,0.09218289085545728,5,5
1770319917195,0.8358359751764178,0.5316500365216311,0.03130492358324378,0.06260709113928192,0.0,0.09090909090909094,0,0.06777596784813548,0.0,0.015625,0.0,0.0,6.922061009423454E-13,0.09144111192392101,5,5
1770319917450,0.8612014434245405,0.4706705116274103,0.061001879656290225,0.059512303599564206,0.0,0.09999999999999998,1,0.062479666549023226,0.49019607843137253,0.015625,0.0,0.0,5.537648807538764E-13,0.09143686502177073,4,5
1770319917706,0.8583092142686912,0.49914510433335574,0.014980928662835428,0.059181192044584,0.0,0.0,0,0.06761971424865881,0.0,0.015625,0.0,0.0,4.430119046031011E-13,0.09143268538516913,5,5
1770319917961,0.8632766309209348,0.4167201177558402,0.024959975434508213,0.058265408673813156,0.0,0.0,1,0.06449079485864048,0.0,0.015625,0.0,0.0,3.544095236824809E-13,0.09071428571428575,5,5
1770319918216,0.8559593650449961,0.38066139724716846,0.039415162917800756,0.056508627804145194,0.0,0.09090909090909094,1,0.06422277088072148,0.0,0.015625,0.0,0.0,2.8352761894598475E-13,0.0907158043940468,5,5
1770319918471,0.8630019691936339,0.46972565586869247,0.029106799644835864,0.05535763986030974,0.0,0.0,0,0.062372288702414125,0.0,0.015625,0.0,0.0,2.268220951567878E-13,0.09001406469760898,5,5
1770319918727,0.8596953232453064,0.4329309299400229,0.03820757014844902,0.05369004625493309,0.0,0.0,1,0.06216813102431405,0.0,0.015625,0.0,0.0,1.8145767612543025E-13,0.08932309839497554,5,5
1770319918982,0.8620184850839956,0.3377333372158203,0.028215535391321694,0.05259792049867752,0.0,0.09090909090909094,1,0.06751356577163993,0.0,0.015625,0.0,0.0,1.451661409003442E-13,0.08864265927977844,5,5
1770319919238,0.8699432975876012,0.32050964165886126,0.03249246253996737,0.0512710506034426,0.0,0.0,1,0.06597096220472166,0.0,0.015625,0.0,0.0,1.1613291272027538E-13,0.08797250859106531,5,5
1770319919493,0.8686851517506622,0.31948132514823674,0.06284193441489758,0.048255911729603876,0.0,0.0,1,0.06387281171087975,0.49019607843137253,0.015625,0.0,0.0,9.290633017622031E-14,0.08731241473397,5,5
1770319919749,0.861104740940968,0.41523267587850055,0.03887883651968887,0.046571556058409666,0.0,0.0,0,0.060904507516834724,0.0,0.015625,0.0,0.0,7.432506414097626E-14,0.08666215301286395,5,5
1770319920004,0.8491064162197398,0.4198805912857587,0.06616946230565972,0.043397661480786096,0.0,0.0,1,0.06902049013371758,0.9803921568627451,0.015625,0.0,0.0,5.946005131278102E-14,0.08602150537634412,4,5
1770319920259,0.8614806784229391,0.45659170141656996,0.023944657842750895,0.0425191834928644,0.0,0.0,1,0.06515958309020183,0.0,0.015625,0.0,0.0,4.7568041050224816E-14,0.08539026017344897,5,5
1770319920515,0.8743298549971835,0.398958635311955,0.01979936433907218,0.04186809995540977,0.0,0.0,0,0.0649823911252926,0.0,0.015625,0.0,0.0,3.8054432840179857E-14,0.08476821192052986,5,5
1770319920770,0.8706636367634839,0.3910967256335823,0.027432428947507904,0.040816176604024965,0.0,0.09090909090909094,1,0.06675523516460738,0.0,0.015625,0.0,0.0,3.0443546272143885E-14,0.08415516107823795,5,5
1770319921021,0.8765132617706952,0.5983219161077167,0.011696529289261362,0.04059663334347709,0.0,0.0,0,0.06472679388983243,0.0,0.015625,0.0,0.0,2.435483701771511E-14,0.08376963350785338,5,5
1770319921276,0.8952120633521514,0.40542808663546037,0.011754335167858898,0.04037835913625187,0.0,0.0,1,0.06472998819391243,0.0,0.015625,0.0,0.0,1.9483869614172088E-14,0.08317089018843404,5,5
1770319921532,0.8885453966854847,0.48012053514575254,0.01958619998673739,0.0397608955641725,0.0,0.0,1,0.06334780820584023,0.0,0.015625,0.0,0.0,1.5587095691337672E-14,0.08322580645161293,5,5
1770319921788,0.8725293292280901,0.3941100745518155,0.0194836467378221,0.03915311226563282,0.0,0.09090909090909094,0,0.06603669606745437,0.0,0.015625,0.0,0.0,1.2469676553070139E-14,0.08263933376041,5,5
1770319922044,0.8726957716782732,0.4195536559738587,0.041988492564436874,0.037412994157339625,0.0,0.09090909090909094,1,0.07383733658999991,0.48828125,0.015625,0.0,0.0,9.975741242456111E-15,0.08206106870229013,5,5
1770319922298,0.8868461466710615,0.4037934429078993,0.02238338943115637,0.03665781032410074,0.0,0.0,0,0.0669125121398159,0.0,0.015625,0.0,0.0,7.980592993964889E-15,0.08212255211623498,5,5
1770319922555,0.8827924741618456,0.3592686469192491,0.025779739355390408,0.03573860920205806,0.0,0.0,1,0.06107598019856404,0.0,0.015625,0.0,0.0,6.384474395171912E-15,0.081555834378921,5,5
1770319922809,0.9001794800043947,0.34833995181703437,0.018226095629197664,0.035193704335386086,0.0,0.0,1,0.06320803822073454,0.0,0.015625,0.0,0.0,5.10757951613753E-15,0.0816199376947041,5,5
1770319923065,0.8967764067044507,0.4117278550683979,0.02170162333128617,0.03448406686209104,0.0,0.09090909090909094,0,0.06339741512253048,0.0,0.015625,0.0,0.0,4.0860636129100236E-15,0.08106435643564358,5,5
1770319923320,0.8837177350984183,0.458612006156223,0.028492569983628514,0.03345204103074722,0.0,0.0,1,0.061223501244866654,0.0,0.015625,0.0,0.0,3.268850890328019E-15,0.08051628764597418,5,5
1770319923575,0.8759593650449959,0.36885520453693466,0.02104421934737239,0.032778081407800155,0.0,0.0,1,0.0653242231127869,0.0,0.015625,0.0,0.0,2.6150807122624154E-15,0.08058608058608063,5,5
1770319923831,0.8720882250506061,0.40143176239185197,0.02423811760193316,0.03195737393345646,0.0,0.0,1,0.06612921524607371,0.0,0.015625,0.0,0.0,2.0920645698099325E-15,0.0800485142510613,5,5
1770319924087,0.8539272301302068,0.38704847733978504,0.040398704292780994,0.030386513117036884,0.0,0.0,1,0.06407643009407568,0.48828125,0.015625,0.0,0.0,1.6736516558479462E-15,0.08012048192771082,5,5
1770319924342,0.8616425476020245,0.42102849076857185,0.019692411839697124,0.02977520917769138,0.0,0.0,0,0.06773005745553316,0.0,0.015625,0.0,0.0,1.338921324678357E-15,0.07959305804907246,5,5
1770319924598,0.8542716318241182,0.3005641840429592,0.032155549660094186,0.0285973779296238,0.0,0.0,1,0.062298132488195324,0.0,0.015625,0.0,0.0,1.0711370597426856E-15,0.0790725326991677,5,5
1770319924853,0.862803990955391,0.34004376112004414,0.015794346569161573,0.028163335596470964,0.0,0.0,1,0.06647471444454789,0.0,0.015625,0.0,0.0,8.569096477941485E-16,0.07914943886591852,5,5
1770319925108,0.8583789542353017,0.3501359075953179,0.05472727643142971,0.025986720228726296,0.0,0.0,0,0.07342062770111268,0.9803921568627451,0.015625,0.0,0.0,6.855277182353189E-16,0.079225352112676,3,5
1770319925363,0.847937850057818,0.3491282636601946,0.020384013206161025,0.02533773457701363,0.0,0.0,0,0.06528888425440635,0.0,0.015625,0.0,0.0,5.484221745882552E-16,0.07871720116618075,4,5
1770319925618,0.8309023687177354,0.3063630916768329,0.025679358770556927,0.024458739625373416,0.0,0.0,0,0.06844908830066561,0.0,0.015625,0.0,0.0,4.3873773967060415E-16,0.078215527230591,5,5
1770319925874,0.8269614887567349,0.45529068640920445,0.01405075425594742,0.024088494083972883,0.0,0.0,1,0.07033737127126757,0.0,0.015625,0.0,0.0,3.5099019173648335E-16,0.07829591249280365,5,5
1770319926140,0.8322546675007894,0.5724551058813184,0.005634505989195884,0.024083300657702846,0.0,0.0,1,0.0651510872407325,0.0,0.015625,0.0,0.0,2.807921533891867E-16,0.07798165137614677,5,5
1770319926395,0.8263353025269672,0.4307498918240032,0.022420105976595835,0.023364902310943982,0.0,0.0,0,0.06202249040829239,0.0,0.015625,0.0,0.0,2.246337227113494E-16,0.07749287749287748,5,5
1770319926651,0.8552889261273174,0.40879485862466486,0.016560666658692418,0.02289643171385143,0.0,0.0,1,0.07570253512589649,0.0,0.015625,0.0,0.0,1.7970697816907952E-16,0.07701019252548136,5,5
1770319926906,0.8693624383449399,0.3013554294612282,0.01639259904779678,0.022437457041380827,0.0,0.0,1,0.07581290626712812,0.0,0.015625,0.0,0.0,1.4376558253526363E-16,0.07709622960045015,5,5
1770319927162,0.873443073371118,0.4434938911611821,0.03453770555433939,0.021229818180293337,0.0,0.0,1,0.08773027137763835,0.48828125,0.015625,0.0,0.0,1.1501246602821091E-16,0.07662192393736023,5,5
1770319927417,0.8835512926482355,0.3863464669516748,0.01550241758562366,0.020804591695681048,0.0,0.09090909090909094,1,0.07203842395945265,0.0,0.015625,0.0,0.0,9.200997282256873E-17,0.07670928293496382,5,5
1770319927672,0.8722234068446859,0.34573660971548803,0.025317212694824606,0.019983336860391037,0.0,0.18181818181818177,0,0.06568183380911817,0.0,0.015625,0.0,0.0,7.3607978258055E-17,0.07624309392265194,5,5
1770319927928,0.8637177350984186,0.3491316918583833,0.04101850442203561,0.018532955679748574,0.0,0.0,1,0.06495683323328715,0.9765625,0.015625,0.0,0.0,5.8886382606444E-17,0.07578253706754534,3,5
1770319928184,0.8645614641428794,0.40664789319582784,0.016219214622232216,0.018071431762123166,0.0,0.0,1,0.0631154992042455,0.0,0.015625,0.0,0.0,4.7109106085155204E-17,0.0753275109170306,5,5
1770319928439,0.8591959958947567,0.5414846801999165,0.006916145158893955,0.017978295677737097,0.0,0.09090909090909094,0,0.06470257171149987,0.0,0.015625,0.0,0.0,3.7687284868124167E-17,0.07487791644058606,5,5
1770319928694,0.8430671358891466,0.5753333261937903,0.011526202470156125,0.017707278336899,0.0,0.09090909090909094,1,0.06183762125792484,0.0,0.015625,0.0,0.0,3.014982789449934E-17,0.0744336569579288,5,5
1770319928950,0.8518787300188181,0.4299937522841363,0.015973453956749303,0.017266455169284944,0.0,0.0,0,0.06278137672735262,0.0,0.015625,0.0,0.0,2.4119862315599472E-17,0.07399463806970508,5,5
1770319929205,0.8637874750650291,0.38786090223635716,0.009058743436306272,0.01709173196266954,0.0,0.0,1,0.062310427185218474,0.0,0.015625,0.0,0.0,1.929588985247958E-17,0.07356076759061836,5,5
1770319929460,0.8590295534445737,0.3509677509681891,0.0068111678355287815,0.01700381074947983,0.0,0.0,1,0.06351019767463964,0.0,0.015625,0.0,0.0,1.5436711881983664E-17,0.073661897191309,5,5
1770319929716,0.8761106369037185,0.6022696354795896,0.00910414409831054,0.016831789057942737,0.0,0.0,0,0.06402466107610119,0.0,0.015625,0.0,0.0,1.2349369505586932E-17,0.0732349841938883,5,5
1770319929971,0.8871208083983625,0.4209588180910866,0.02459534391393256,0.0160871494520866,0.0,0.09090909090909094,1,0.061776787960210584,0.49019607843137253,0.015625,0.0,0.0,9.879495604469546E-18,0.07281299109481398,4,5
1770319930227,0.9001749067332973,0.4500005098146977,0.013113813713786528,0.015765723499243173,0.0,0.0,0,0.06348812680553732,0.0,0.015625,0.0,0.0,7.903596483575638E-18,0.07239583333333333,5,5
1770319930482,0.8938841775486015,0.4322761692487374,0.00437140940198648,0.01576363610008115,0.0,0.0,1,0.06454786542727455,0.0,0.015625,0.0,0.0,6.322877186860511E-18,0.07198342827550497,5,5
1770319930738,0.8937444224834243,0.5278736088151393,0.008786659018168878,0.015604352383254845,0.0,0.0,1,0.06678872513583049,0.0,0.015625,0.0,0.0,5.058301749488409E-18,0.07157569515962925,5,5
1770319930993,0.8994591408285123,0.458700237774764,0.010955204762085774,0.015369480860594985,0.0,0.0,0,0.06621677168786208,0.0,0.015625,0.0,0.0,4.0466413995907274E-18,0.07117255504352282,5,5
1770319931252,0.9051038440750336,0.3813098126545267,0.0022022347970298527,0.015444718528095768,0.0,0.0,1,0.06859557829980946,0.0,0.015625,0.0,0.0,3.237313119672582E-18,0.07095456865747829,5,5
1770319931507,0.920577531600274,0.5270866473037813,0.008875339210901214,0.015288705574514125,0.0,0.0,0,0.07139588970300664,0.0,0.015625,0.0,0.0,2.5898504957380656E-18,0.07055837563451772,5,5
1770319931763,0.9213945732597292,0.3731489724863303,0.011065746738680817,0.015058631873151922,0.0,0.0,1,0.06552088525718956,0.0,0.015625,0.0,0.0,2.0718803965904526E-18,0.07016658253407371,5,5
1770319932018,0.9107870266320621,0.4007360853817814,0.03013338207465498,0.014177898669085844,0.0,0.09090909090909094,1,0.06386271433548324,0.49019607843137253,0.015625,0.0,0.0,1.6575043172723621E-18,0.06977911646586343,5,5
1770319932274,0.9147279065930626,0.4790454521273495,0.006312063510335723,0.01410537531564186,0.0,0.0,0,0.06764429498971518,0.0,0.015625,0.0,0.0,1.3260034538178897E-18,0.06939590614078883,5,5
1770319932529,0.9090832033465411,0.5976333141237737,0.014653061274292055,0.013754704691813746,0.0,0.0,1,0.06277464147329112,0.0,0.015625,0.0,0.0,1.0608027630543117E-18,0.06901688182720955,5,5
1770319932784,0.8973839533321182,0.4073701290763898,0.012402004326715194,0.013480189785073008,0.0,0.0,0,0.0669311580706678,0.0,0.015625,0.0,0.0,8.486422104434494E-19,0.06864197530864202,5,5
1770319933040,0.9040551932698826,0.5103259967545662,0.012277152087092702,0.013211189158078831,0.0,0.0,1,0.0645355253727708,0.0,0.015625,0.0,0.0,6.789137683547596E-19,0.06827111984282908,5,5
1770319933296,0.9116040682915173,0.3987591654662682,0.010153693596631251,0.013012645442514728,0.0,0.09090909090909094,1,0.06582854322816649,0.0,0.015625,0.0,0.0,5.431310146838077E-19,0.06790425012212997,5,5
1770319933551,0.9041203599653956,0.551240381504282,0.016041551104178105,0.012625837769868373,0.0,0.0,0,0.07507754303022611,0.0,0.015625,0.0,0.0,4.345048117470462E-19,0.06754130223517973,5,5
1770319933806,0.8866366516392739,0.38362535199629355,0.013790335244791027,0.012312127227394472,0.0,0.0,1,0.07546204956184874,0.0,0.015625,0.0,0.0,3.4760384939763697E-19,0.0676655389076849,5,5
1770319934062,0.8746045167244845,0.43294375339781493,0.019257627392925487,0.011827074527334495,0.0,0.0,1,0.0675603287770336,0.48828125,0.015625,0.0,0.0,2.7808307951810957E-19,0.06730769230769229,5,5
1770319934318,0.877217510881935,0.3696119251227041,0.013177507412856391,0.011533300455618893,0.0,0.09090909090909094,1,0.09860219571599654,0.0,0.015625,0.0,0.0,2.2246646361448765E-19,0.06695361071257766,5,5
1770319934572,0.8582009949915733,0.3384423201298192,0.014796211416602804,0.011190627704479782,0.0,0.0,1,0.08111569967108395,0.0,0.015625,0.0,0.0,1.7797317089159014E-19,0.06660323501427212,5,5
1770319934828,0.8657231826282022,0.3683653110032824,0.01450050508365269,0.010858172408110708,0.0,0.09090909090909094,0,0.08239219432794435,0.0,0.015625,0.0,0.0,1.4237853671327213E-19,0.06625650733554189,5,5
1770319935083,0.8697338025558133,0.451430521450488,0.012465884588658263,0.010588565047742172,0.0,0.0,1,0.06826438330702857,0.0,0.015625,0.0,0.0,1.1390282937061772E-19,0.06638418079096042,5,5
1770319935339,0.8657544432843058,0.4288699786583436,0.012278686934474195,0.010325679157716533,0.0,0.0,1,0.06921678869716032,0.0,0.015625,0.0,0.0,9.112226349649417E-20,0.06604215456674478,5,5
1770319935595,0.8624862766464855,0.3930773239926754,0.010392807778851373,0.010119940443936862,0.0,0.09090909090909094,0,0.06979812263381777,0.0,0.015625,0.0,0.0,7.289781079719534E-20,0.06616961789375586,5,5
1770319935850,0.8694591408285125,0.38318105341910913,0.013649014047735275,0.00981939552507018,0.0,0.0,1,0.06663671664306026,0.0,0.015625,0.0,0.0,5.831824863775628E-20,0.06583217431617983,5,5
1770319936106,0.885513687596414,0.5152670579205249,0.01825427130783747,0.0093856137396223,0.0,0.0,0,0.0712419375073228,0.48828125,0.015625,0.0,0.0,4.665459891020503E-20,0.06549815498154976,5,5
1770319936369,0.881739250085597,0.5160467075290863,0.0049038258949991006,0.009338049267347529,0.0,0.0,1,0.06753368930398047,0.0,0.015625,0.0,0.0,3.732367912816403E-20,0.06531738730450787,5,5
1770319936623,0.8778681100912069,0.39468456359096155,0.00978295642761282,0.0091520776183613,0.0,0.0,0,0.0639416454055137,0.0,0.015625,0.0,0.0,2.9858943302531224E-20,0.06544622425629287,5,5
1770319936880,0.8589598134779628,0.42070977893974476,0.00809122828786172,0.009014896469196036,0.0,0.0,1,0.0720998120181473,0.0,0.015625,0.0,0.0,2.3887154642024982E-20,0.06511839708561018,5,5
1770319937135,0.8784802299899718,0.34332558999301144,0.011214202498770533,0.008791215481549642,0.0,0.0,1,0.06331225348328176,0.0,0.015625,0.0,0.0,1.9109723713619988E-20,0.0657000453103761,5,5
1770319937390,0.8749374016248503,0.5530298029628296,0.007929996038037982,0.008659474098293865,0.0,0.0,0,0.06687020777429332,0.0,0.015625,0.0,0.0,1.528777897089599E-20,0.06537421100090168,5,5
1770319937646,0.8899432975876012,0.6096217308142962,0.02308284538993556,0.008112735033350289,0.0,0.0,0,0.06779529065549894,0.9765625,0.015625,0.0,0.0,1.2230223176716792E-20,0.06505159264244054,4,5
1770319937901,0.8982009949915731,0.4922422978568885,0.004501566649462317,0.008071723478047986,0.0,0.0,0,0.0653548100493266,0.0,0.015625,0.0,0.0,9.784178541373435E-21,0.06517857142857142,5,5
1770319938156,0.8884371774083671,0.3993783195431047,0.008980607825195977,0.007911069480107972,0.0,0.18181818181818177,1,0.06653826379704983,0.0,0.015625,0.0,0.0,7.827342833098748E-21,0.06486006219458018,5,5
1770319938411,0.875308765835724,0.42051179870457345,0.004479219441132164,0.007871093176163033,0.0,0.0,1,0.06759606043774251,0.0,0.015625,0.0,0.0,6.261874266478999E-21,0.06454465075154725,5,5
1770319938667,0.8579378500578175,0.35650660091350195,0.013303109710622877,0.007599317207358333,0.0,0.0,0,0.06250588838083798,0.0,0.015625,0.0,0.0,5.009499413183199E-21,0.06423229212494497,5,5
1770319938923,0.8373641136237118,0.42742517716284356,0.02536639612243667,0.007013331451874061,0.0,0.0,0,0.06611477561236445,0.9765625,0.015625,0.0,0.0,4.0075995305465595E-21,0.06392294220665495,4,5
1770319939178,0.8429052667100613,0.45685072872151977,0.006784233020569849,0.006908353649145283,0.0,0.0,1,0.06743189587307578,0.0,0.015625,0.0,0.0,3.2060796244372477E-21,0.06361655773420483,5,5
1770319939433,0.8383789542353018,0.3762293505366057,0.009403086474647734,0.006737079378161856,0.0,0.0,1,0.06722592737898794,0.0,0.015625,0.0,0.0,2.5648636995497983E-21,0.06331309627059845,5,5
1770319939688,0.8639539175152126,0.5490893931628917,0.00664945621303517,0.006636254661284059,0.0,0.0,1,0.0683995650398127,0.0,0.015625,0.0,0.0,2.0518909596398387E-21,0.06301251618472159,5,5
1770319939944,0.8660721575932115,0.349000820384114,0.010506462762296578,0.006439386898202395,0.0,0.0,0,0.06506991465362141,0.0,0.015625,0.0,0.0,1.641512767711871E-21,0.0627147766323024,5,5
1770319940199,0.8846045167244843,0.4527849267112309,0.0077619907799870436,0.0063113227600262965,0.0,0.0,1,0.06774818841645741,0.0,0.015625,0.0,0.0,1.3132102141694969E-21,0.062419837537409095,5,5
1770319940455,0.8828622141284564,0.38047522592959465,0.006419954888240177,0.006216895833327201,0.0,0.0,1,0.06942186757393821,0.0,0.015625,0.0,0.0,1.0505681713355976E-21,0.062127659574468086,5,5
1770319940711,0.8648676616582401,0.46167366415686223,0.016278374221891316,0.005883190158501763,0.0,0.09090909090909094,0,0.06487889225126954,0.48828125,0.015625,0.0,0.0,8.404545370684782E-22,0.06183820415078356,4,5
1770319940966,0.8780345525413902,0.4695373809961977,0.0073078255226538625,0.0057662188850785175,0.0,0.09090909090909094,1,0.0722683400306734,0.0,0.015625,0.0,0.0,6.723636296547825E-22,0.061973018549747017,5,5
1770319941222,0.8757544432843059,0.5166318319903733,0.0060443594929490705,0.005679978031317655,0.0,0.0,0,0.06540517341205658,0.0,0.015625,0.0,0.0,5.378909037238261E-22,0.061686949223667686,5,5
1770319941484,0.8737177350984185,0.6326154888227906,0.0036268450810259933,0.00565140134117996,0.0,0.0,1,0.06692929981930631,0.0,0.015625,0.0,0.0,4.303127229790609E-22,0.061557788944723635,5,5
1770319941739,0.889195995894757,0.4302618525656754,0.009599314590135433,0.005483802134536294,0.0,0.0,0,0.0665378816648642,0.0,0.015625,0.0,0.0,3.4425017838324874E-22,0.06127553147144649,5,5
1770319941995,0.8933463708875454,0.4869170605628579,0.005924817718930954,0.005401800192695151,0.0,0.0,1,0.06550574510906176,0.0,0.015625,0.0,0.0,2.7540014270659902E-22,0.060995850622406644,5,5
1770319942250,0.8950456209019684,0.457066396407332,0.0058953977448280934,0.005321028762483317,0.0,0.0,1,0.06266180049951875,0.0,0.015625,0.0,0.0,2.203201141652792E-22,0.060718711276332105,5,5
1770319942506,0.8844380742743013,0.4185169717242934,0.00353746870226988,0.005294276895416535,0.0,0.0,0,0.06658163047928269,0.0,0.015625,0.0,0.0,1.7625609133222339E-22,0.06085526315789469,5,5
1770319942762,0.89936243834494,0.3689554196297629,0.009362802882097235,0.005137286448333839,0.0,0.0,1,0.06583171259963518,0.48828125,0.015625,0.0,0.0,1.410048730657787E-22,0.06058125255832991,4,5
1770319943017,0.910411089150091,0.5033659770177678,0.005778856588397766,0.005060483391767371,0.0,0.0,0,0.06775269217439403,0.0,0.015625,0.0,0.0,1.1280389845262298E-22,0.06030969845150769,5,5
1770319943272,0.9031368758557572,0.3665465361712199,0.010246755177756466,0.00488588574420297,0.0,0.0,1,0.06502968076788955,0.0,0.015625,0.0,0.0,9.02431187620984E-23,0.060446247464503,5,5
1770319943528,0.9005775316002741,0.4366093538638877,0.014289955746544836,0.004623683216172926,0.0,0.0,1,0.06520315550787827,0.9765625,0.015625,0.0,0.0,7.219449500967872E-23,0.060581583198707545,5,5
1770319943783,0.8902446466999079,0.3963054004523028,0.006415282402731958,0.00453180975395903,0.0,0.0,0,0.06331206091815424,0.0,0.015625,0.0,0.0,5.775559600774298E-23,0.06151990349819059,5,5
1770319944039,0.8645614641428795,0.4576790181444152,0.016518432819819965,0.004224617655543974,0.0,0.09090909090909094,1,0.07232094177309685,0.9765625,0.015625,0.0,0.0,4.6204476806194383E-23,0.0616493194555644,4,5
1770319944294,0.8479378500578176,0.4354915079712112,0.0059796526808946334,0.004140689895552279,0.0,0.0,0,0.06524640131213717,0.0,0.015625,0.0,0.0,3.696358144495551E-23,0.061379035472299726,5,5
1770319944549,0.838976749420095,0.4636674300381312,0.007854068594449311,0.004017951571190764,0.0,0.09090909090909094,1,0.06148899501709914,0.0,0.015625,0.0,0.0,2.957086515596441E-23,0.061111111111111116,5,5
1770319944805,0.8409652610077464,0.549306995993535,0.0048477343724517875,0.003957926340942955,0.0,0.0,1,0.060724819590904575,0.0,0.015625,0.0,0.0,2.365669212477153E-23,0.06084551560647966,5,5
1770319945061,0.8344650367912629,0.4836481762131942,0.0038687341941706097,0.003918391340565005,0.0,0.0,0,0.07108993170844322,0.0,0.015625,0.0,0.0,1.8925353699817224E-23,0.06058221872541303,5,5
1770319945316,0.8306905992804456,0.37375878825313,0.0038690249567118655,0.0038792527654837065,0.0,0.0,1,0.07022758579011991,0.0,0.015625,0.0,0.0,1.514028295985378E-23,0.06110458284371323,5,5
1770319945571,0.8510519369164893,0.5783703306276532,0.0038693157184197693,0.0038405066104853745,0.0,0.0,1,0.06266785194775454,0.0,0.015625,0.0,0.0,1.2112226367883024E-23,0.060842433697347875,5,5
1770319945826,0.8432766309209345,0.5353536306609178,0.005775288452545282,0.003764223903666598,0.0,0.0,1,0.06337768690321764,0.0,0.015625,0.0,0.0,9.68978109430642E-24,0.06058252427184463,5,5
1770319946082,0.8616425476020243,0.4800877040660205,0.009434700978008755,0.0036162241747611117,0.0,0.0,1,0.06218497166351982,0.48828125,0.015625,0.0,0.0,7.751824875445136E-24,0.06032482598607891,5,5
1770319946337,0.8614761051518413,0.4115905904416569,0.005548309351153712,0.003544404105292708,0.0,0.0,0,0.06360289782314973,0.0,0.015625,0.0,0.0,6.201459900356109E-24,0.06006931074316524,5,5
1770319946608,0.8404274543466903,0.3658987029155399,0.0036805919497340037,0.003509014063208065,0.0,0.19999999999999996,1,0.061305700124786866,0.0,0.015625,0.0,0.0,4.9611679202848874E-24,0.06033820138355106,5,5
1770319946862,0.8462770793539016,0.4171334603577973,0.015143122530100896,0.003254828725032497,0.0,0.0,0,0.0656038518510366,0.984251968503937,0.015625,0.0,0.0,3.96893433622791E-24,0.06008419441255264,4,5
1770319947118,0.8745614641428795,0.5272596604014861,0.003448170332881576,0.003222339261381026,0.0,0.0,1,0.061550880904857906,0.0,0.015625,0.0,0.0,3.175147468982328E-24,0.059832317073170715,5,5
1770319947373,0.8726957716782732,0.4404473854499122,0.004299750479784554,0.0031742247611663763,0.0,0.0,1,0.07898494503508718,0.0,0.015625,0.0,0.0,2.5401179751858627E-24,0.05958254269449714,5,5
1770319947629,0.8737874750650291,0.37468794964389834,0.004278538220706671,0.003126830165912163,0.0,0.0,0,0.0735019841818157,0.0,0.015625,0.0,0.0,2.0320943801486902E-24,0.05933484504913078,5,5
1770319947884,0.8863037667389073,0.34816776343592987,0.007586875652379012,0.0030190040964834576,0.0,0.09090909090909094,1,0.11204289180379523,0.0,0.015625,0.0,0.0,1.6256755041189523E-24,0.05908919834399695,5,5
1770319948140,0.881604068291517,0.4593040709978013,0.004152067668571695,0.002973931658643643,0.0,0.0,0,0.0781739584489764,0.0,0.015625,0.0,0.0,1.3005404032951619E-24,0.05884557721139427,5,5
1770319948395,0.8655834275630248,0.4270101557602317,0.004945481472673748,0.0029148861927093413,0.0,0.0,1,0.07228888220063977,0.0,0.015625,0.0,0.0,1.0404323226361296E-24,0.05897723030981705,5,5
1770319948651,0.8613678858747235,0.438342824242034,0.0048964176509242036,0.002857014688518075,0.0,0.09090909090909094,1,0.07261437712792197,0.0,0.015625,0.0,0.0,8.323458581089038E-25,0.05873605947955385,5,5
1770319948907,0.8857498700132079,0.4723134904653063,0.00955116249011755,0.0027173303178474792,0.0,0.0,0,0.06904548916353914,0.48828125,0.015625,0.0,0.0,6.65876686487123E-25,0.05849685301740093,5,5
1770319949161,0.8809534690822455,0.4168208834968733,0.006178451827134559,0.0026368196231382995,0.0,0.09090909090909094,1,0.06324092927043345,0.0,0.015625,0.0,0.0,5.327013491896985E-25,0.05825958702064893,5,5
1770319949416,0.8745614641428795,0.43888764363640803,0.005312290084257262,0.0025715537858647013,0.0,0.0,0,0.06899427390806326,0.0,0.015625,0.0,0.0,4.2616107935175875E-25,0.05802423797282408,5,5
1770319949673,0.8537874750650296,0.3745139148865408,0.005965897056740681,0.0024953657742882093,0.0,0.0,1,0.0655004405285272,0.0,0.015625,0.0,0.0,3.4092886348140704E-25,0.05779078273591809,5,5
1770319949928,0.8595719333767281,0.41411822809552123,1.0,30.705413675527232,1.0,0.0,1,0.06621979787133178,0.0,0.03125,1.4405475303375342E-4,0.3874937168619954,0.07749874337239909,0.05792349726775958,5,5
1770319950183,0.8915027925368469,0.4496345691571404,1.0,23.045058998107788,0.0,0.0,0,0.06307064646273283,0.0,0.03125,1.440547530337534E-4,0.0,0.06199899469791928,0.05805515239477499,5,5
1770319950439,0.8854867250794524,0.510239032976307,0.9289071717291746,18.577220961389685,0.0,0.0,1,0.06520489693035136,0.0,0.03125,1.4340104500097328E-4,0.0,0.04959919575833543,0.057824358511022744,5,5
1770319950694,0.8829052667100613,0.3049419069308941,1.0,15.404003317020782,0.0,0.0,1,0.06572114414191665,0.0,0.03125,1.421024226022135E-4,0.0,0.039679356606668346,0.057595392368610554,5,5
1770319950949,0.8972872508485457,0.4506127903619559,1.0,12.83496274662005,0.0,0.0,1,0.06704657087141021,0.49019607843137253,0.03125,1.421024226022135E-4,0.0,0.03174348528533468,0.05736823234134103,5,5
1770319951205,0.9038841775486017,0.359064495002895,0.8110939502604084,11.274566825182584,0.0,0.0,1,0.06249243343143899,0.0,0.03125,1.421024226021868E-4,0.0,0.025394788228267746,0.05714285714285716,5,5
1770319951460,0.9093624383449399,0.35488091686632317,0.9914367681375441,9.99632387689886,0.0,0.0,0,0.06683173164492374,0.0,0.03125,1.4210242260218685E-4,0.0,0.0203158305826142,0.05691924581999286,5,5
1770319951730,0.90099652166385,0.4743931265077719,0.3944846716886306,9.088079442141224,0.0,0.0,1,0.06496554230066001,0.0,0.03125,1.4210242260218685E-4,0.0,0.01625266446609136,0.056838365896980436,5,5
1770319951985,0.8935128133377285,0.3571353916537304,0.9696814915958767,8.21702227341209,0.0,0.0,0,0.06537641737563096,0.0,0.03125,1.4210242260221352E-4,0.0,0.01300213157287309,0.05661712668082097,5,5
1770319952240,0.8939539175152127,0.43915260990165944,1.0,7.419272183539064,0.0,0.0,1,0.06353588816777864,0.0,0.03125,1.4145748226998138E-4,0.0,0.010401705258298472,0.05639760310186814,5,5
1770319952495,0.9046045167244842,0.47421844963471466,0.7316514750109636,6.842814817204534,0.0,0.09090909090909094,1,0.06904455436307956,0.0,0.03125,1.4145748227000805E-4,0.0,0.008321364206638779,0.0561797752808989,5,5
1770319952751,0.8984756567188739,0.41135148010398914,1.0,6.226777058236468,0.0,0.0,1,0.06372314015569977,0.0,0.03125,1.4275027252761175E-4,0.0,0.006657091365311023,0.05596362364463103,5,5
1770319953007,0.8958196099798185,0.5932438530204502,1.0,5.644511164544229,0.0,0.0,1,0.07175584418883367,0.48828125,0.03125,1.4405475303375345E-4,0.0,0.005325673092248819,0.05574912891986061,5,5
1770319953262,0.9002446466999078,0.45940538511999796,0.6457006241365938,5.2925776530964495,0.0,0.09090909090909094,0,0.06840357176872666,0.0,0.03125,1.4275027252761175E-4,0.0,0.004260538473799056,0.05588337382853181,5,5
1770319953518,0.9091529433131517,0.42884094584374916,0.945636470522413,4.931801116115168,0.0,0.0,1,0.06638797117665321,0.0,0.03125,1.4145748226998135E-4,0.0,0.003408430779039245,0.05567081604426005,5,5
1770319953773,0.9037444224834242,0.5402115107626664,0.6195529419927835,4.655420620848351,0.0,0.0,1,0.06583432548703702,0.0,0.03125,1.4275027252761172E-4,0.0,0.0027267446232313963,0.05545986910093004,5,5
1770319954028,0.8958196099798185,0.3377366215075557,0.4616098656062096,4.427181873657943,0.0,0.0,0,0.06853658814544246,0.0,0.03125,1.4275027252761172E-4,0.0,0.0021813956985851173,0.05525051475634868,5,5
1770319954284,0.9089865008629686,0.477566388531245,0.4597422084861452,4.219289681879666,0.0,0.0,1,0.06562551875142694,0.0,0.03125,1.4210242260218682E-4,0.0,0.0017451165588680938,0.05504273504273505,5,5
1770319954539,0.9156531675296351,0.3676071320173392,0.9008129682578462,3.9713954227732033,0.0,0.0,0,0.06366011388074755,0.0,0.03125,1.4145748227000802E-4,0.0,0.0013960932470944752,0.05517711171662121,5,5
1770319954795,0.9116692349870299,0.40910209743086845,1.0,3.6751635437462093,0.0,0.18181818181818177,1,0.06023347489152017,0.48828125,0.03125,1.395399901306477E-4,0.0,0.0011168745976755802,0.05497115710892431,4,5
1770319955049,0.9082707349581839,0.45505475320343547,0.28155209524401037,3.5449659798840396,0.0,0.0,1,0.06400371987487574,0.0,0.03125,1.3702329215320146E-4,0.0,8.934996781404642E-4,0.05510480054090605,5,5
1770319955305,0.9024211099509724,0.3890244165551829,0.8306963692834988,3.3580034607291926,0.0,0.0,0,0.062321950449270816,0.0,0.03125,1.3640116892158898E-4,0.0,7.147997425123714E-4,0.055237453688110505,5,5
1770319955561,0.8857544432843055,0.3750569601092175,0.6778574236536413,3.20204328375224,0.0,0.0,1,0.06879290327931141,0.0,0.03125,1.345515227553431E-4,0.0,5.718397940098971E-4,0.055033557046979875,5,5
1770319955816,0.8787118391356679,0.44894914963557686,1.0,2.898588818553524,0.0,0.18181818181818177,0,0.06592257656825176,0.9803921568627451,0.03125,1.3333223825225847E-4,0.0,4.574718352079177E-4,0.05483116014710798,3,5
1770319956072,0.8771546185919238,0.47897390870083806,0.3649433834120635,2.803316322591207,0.0,0.0,0,0.06511005882336729,0.0,0.03125,1.333322382522318E-4,0.0,3.659774681663342E-4,0.054630246502331725,4,5
1770319956327,0.8638212852585904,0.4222395440876604,0.6010293229749287,2.6873342240211526,0.0,0.0,1,0.06374650059127344,0.0,0.03125,1.333322382522585E-4,0.0,2.9278197453306735E-4,0.054430799867241975,5,5
1770319956583,0.8737874750650291,0.4580179986103515,0.35807758274136475,2.604326940038701,0.0,0.0,0,0.06732302737377738,0.0,0.03125,1.3394050738699343E-4,0.0,2.342255796264539E-4,0.05423280423280419,5,5
1770319956843,0.8758626625614233,0.40921258510610176,0.23940775402408732,2.5382857674701844,0.0,0.0,1,0.0665833460468642,0.0,0.03125,1.3394050738702013E-4,0.0,1.8738046370116312E-4,0.05417905517013544,5,5
1770319957099,0.872396696971468,0.4656379274710916,0.476724138413293,2.4514235599061673,0.0,0.0,0,0.0652390430932001,0.0,0.03125,1.327267031653465E-4,0.0,1.499043709609305E-4,0.05398288347597102,5,5
1770319957354,0.8951690107705466,0.49485044167985975,0.7016358296956217,2.3464408482014614,0.0,0.0,1,0.06287994177078833,0.0,0.03125,1.3212388999383E-4,0.0,1.1992349676874441E-4,0.053788127254837614,5,5
1770319957611,0.8982661616870861,0.3406493279183615,0.23283834715861498,2.2926996001137647,0.0,0.0,0,0.06269704499287296,0.0,0.03125,1.2973961565962712E-4,0.0,9.593879741499553E-5,0.0535947712418301,5,5
1770319957866,0.8920184850839954,0.5283181204758711,1.0,2.1551657106976045,0.0,0.0,1,0.07560977335431363,0.49019607843137253,0.03125,1.297396156596538E-4,0.0,7.675103793199642E-5,0.05340280039075218,4,5
1770319958121,0.886776406704451,0.3059625027074597,0.3316444333581004,2.0994215571286587,0.0,0.09090909090909094,1,0.06808509054884822,0.0,0.03125,1.279794033561754E-4,0.0,6.140083034559715E-5,0.05386112913692409,5,5
1770319958377,0.8995288807951228,0.476793988449309,0.758393798786711,2.006428617987782,0.0,0.0,0,0.06594783001075755,0.0,0.03125,1.2856349841045234E-4,0.0,4.912066427647772E-5,0.05366957646298087,5,5
1770319958632,0.8853087658357239,0.3262724848460018,0.5306955797150309,1.9382217982222585,0.0,0.0,1,0.06267033932478756,0.0,0.03125,1.2739793504480375E-4,0.0,3.9296531421182177E-5,0.053479381443299,5,5
1770319958887,0.8878681100912068,0.33642164656562673,0.5226023373944664,1.873568079838419,0.0,0.0,1,0.06307412982124322,0.0,0.03125,1.2624283204612646E-4,0.0,3.1437225136945745E-5,0.053290529695024125,5,5
1770319959143,0.876776406704451,0.43579595341843147,0.5147097760315943,1.8122040377325288,0.0,0.0,1,0.06265124072867616,0.0,0.03125,1.256691741836274E-4,0.0,2.5149780109556596E-5,0.05310300703774795,5,5
1770319959397,0.8670556417028495,0.5034673449898004,0.6056925342600784,1.745274837924568,0.0,0.09090909090909094,1,0.06719811871941907,0.0,0.03125,1.2566917418362737E-4,0.0,2.011982408764528E-5,0.05291679948995853,5,5
1770319959653,0.8789213341674557,0.4262864197839231,0.592629079646276,1.6819020055016063,0.0,0.0,0,0.06495389283828634,0.0,0.03125,1.262428320461264E-4,0.0,1.6095859270116226E-5,0.05273189326556549,5,5
1770319959909,0.8836792557879114,0.36562903478061387,1.0,1.5745268727229282,0.0,0.0,1,0.07138457550352152,0.48828125,0.03125,1.268190818124302E-4,0.0,1.2876687416092981E-5,0.05254827477049695,5,5
1770319960165,0.8567066667378402,0.16580460098558197,1.0,6.013287265724747,1.0,0.0,1,0.11411242113137679,0.0,0.046875,0.13353885194538953,0.38631974880164144,0.07727425111026118,0.05394321766561516,5,5
1770319960420,0.8553687543594609,0.3278367145059639,1.0,5.425670729056845,0.0,0.09090909090909094,0,0.10897363125695661,0.9803921568627451,0.046875,0.1309994231949289,0.0,0.06181940088820895,0.054071046840616144,4,5
1770319960675,0.8489767494200949,0.2986772970248503,1.0,5.04393891437607,0.0,0.0,1,0.0890806652670304,0.0,0.046875,0.13074301624204882,0.0,0.049455520710567163,0.053884711779448646,5,5
1770319960931,0.8544718844678625,0.36333499783931145,0.6214566972897521,4.757886605643802,0.0,0.0,0,0.08086138205244944,0.0,0.046875,0.12971405633921604,0.0,0.039564416568453734,0.05369965657196374,5,5
1770319961186,0.8553319787089225,0.4270704904788026,0.729701594026333,4.483881392331124,0.0,0.09090909090909094,1,0.07235488278739421,0.0,0.046875,0.12893854886928552,0.0,0.03165153325476299,0.053515868077162465,5,5
1770319961442,0.848181155283167,0.5026146124248592,0.4143042791845308,4.277618226611017,0.0,0.0,1,0.06627101391596449,0.0,0.046875,0.12815958137706215,0.0,0.025321226603810393,0.053333333333333344,5,5
1770319961697,0.8670125891212447,0.522069175229686,0.6802719473961317,4.0542459552779215,0.0,0.0,0,0.06355811551106327,0.0,0.046875,0.12763881477511918,0.0,0.020256981283048314,0.053152039555006136,5,5
1770319961957,0.8634430733711177,0.49571400155591483,0.15347519595361317,3.9151888754814133,0.0,0.0,1,0.07312030389201722,0.0,0.046875,0.12763881477511918,0.0,0.01620558502643865,0.05310280950910773,5,5
1770319962212,0.8454984211591056,0.4105434728616561,0.7596528336675394,3.713622289795906,0.0,0.0,0,0.06966346430739764,0.0,0.046875,0.12763854087447882,0.0,0.012964468021150921,0.05323076923076919,5,5
1770319962467,0.841314235972756,0.5113237468886725,0.9349743599050497,3.5066783629967357,0.0,0.0,1,0.07080751095346755,0.49019607843137253,0.046875,0.12606854581526394,0.0,0.010371574416920737,0.05305121128488188,5,5
1770319962723,0.8639539175152126,0.4851608410610589,0.6428907825085111,3.348250342621084,0.0,0.09090909090909094,0,0.06538541928057762,0.0,0.046875,0.12554263175406555,0.0,0.00829725953353659,0.05287286063569685,5,5
1770319962977,0.8620451724690015,0.356435045003845,0.4927444395096972,3.217448272723652,0.0,0.0,1,0.06610944219710928,0.0,0.046875,0.12501562098130706,0.0,0.0066378076268292716,0.0526957051477307,5,5
1770319963233,0.8710350009743575,0.5223190006120255,0.5389419882626258,3.0903211290207167,0.0,0.0,1,0.06371396763111337,0.0,0.046875,0.1252789312429141,0.0,0.005310246101463418,0.05282331511839711,5,5
1770319963488,0.8935779800332413,0.49722586975178584,0.5140659593902335,2.9739131902856566,0.0,0.0,0,0.06332301310807834,0.0,0.046875,0.12448743091886814,0.0,0.0042481968811707346,0.05264750378214822,5,5
1770319963744,0.8872872508485458,0.4077077960358264,0.4798179817083056,2.868145876071011,0.0,0.0,1,0.06351009018463695,0.0,0.046875,0.12395849823673871,0.0,0.0033985575049365877,0.052472858866103755,5,5
1770319963999,0.8960942717071196,0.46861561445007144,0.33878539979467975,2.7825374491041304,0.0,0.0,1,0.06388591885855378,0.0,0.046875,0.12342886423554086,0.0,0.00271884600394927,0.05229936880072139,5,5
1770319964255,0.8889865008629689,0.34472976163031066,0.5273334789657497,2.6837394062474145,0.0,0.0,1,0.0644356449918775,0.0,0.046875,0.12369354176336546,0.0,0.0021750768031594163,0.052726183343319355,5,5
1770319964510,0.8966366516392738,0.5427860986195892,0.8230222018853387,2.562595477862653,0.0,0.09090909090909094,1,0.06656366747394922,0.49019607843137253,0.046875,0.12236613717240048,0.0,0.001740061442527533,0.05255300089578974,5,5
1770319964766,0.8953785058023348,0.45977766560571004,0.2710055740559473,2.498628819229171,0.0,0.0,0,0.0684564008548635,0.0,0.046875,0.12236613717240048,0.0,0.0013920491540220265,0.05238095238095242,5,5
1770319965021,0.9106205841818791,0.47714346656621065,0.6970665508689758,2.3998525577618754,0.0,0.0,1,0.06894851613160959,0.0,0.046875,0.12209999296262526,0.0,0.0011136393232176213,0.0522100266983091,5,5
1770319965276,0.8947709591746673,0.45660771560558233,0.3208586632144751,2.338979246174811,0.0,0.09090909090909094,1,0.0736743968354109,0.0,0.046875,0.12156698811403914,0.0,8.909114585740971E-4,0.052335895919574216,5,5
1770319965532,0.8914376258413341,0.4620890384926313,0.3475126736404933,2.2787875970190368,0.0,0.09090909090909094,0,0.06959347639602972,0.0,0.046875,0.12076627346691486,0.0,7.127291668592778E-4,0.05216622458001763,5,5
1770319965788,0.9013678858747233,0.38185767130070136,1.0,2.159693499482193,0.0,0.0,1,0.06421967231179727,0.9765625,0.046875,0.11754986095624649,0.0,5.701833334874222E-4,0.052291421856639264,3,5
1770319966043,0.8876586150594188,0.42651846429873863,0.5544168970147055,2.0895215931633193,0.0,0.0,0,0.06585682135530749,0.0,0.046875,0.11701199941570273,0.0,4.5614666678993776E-4,0.052122986822840445,4,5
1770319966298,0.8770777558167578,0.4832965109390028,0.5994996103604326,2.0187610428474008,0.0,0.09090909090909094,1,0.06385369571168809,0.0,0.046875,0.11728086179712707,0.0,3.649173334319502E-4,0.0519556333917105,5,5
1770319966554,0.8764271566074857,0.37018447507231955,0.3946332445958059,1.9673192806009527,0.0,0.09090909090909094,1,0.06207787992773776,0.0,0.046875,0.11701152999274946,0.0,2.9193386674556017E-4,0.05178935117835326,5,5
1770319966810,0.8730717091602442,0.579838808676522,0.2711947133853802,1.9276106446686267,0.0,0.0,0,0.06371309832659276,0.0,0.046875,0.1167424555971713,0.0,2.3354709339644815E-4,0.05162412993039445,5,5
1770319967062,0.8753785058023347,0.45175395145262565,0.12504967184286386,1.9005262780139724,0.0,0.0,1,0.06413505418060024,0.0,0.046875,0.11674245559717132,0.0,1.8683767471715853E-4,0.05159420289855077,5,5
1770319967319,0.8719487451173847,0.4064533854274518,0.7638164897560591,1.8270787473448848,0.0,0.09090909090909094,0,0.07612504148886304,0.0,0.046875,0.11647306148264816,0.0,1.4947013977372684E-4,0.05143022247905227,5,5
1770319967574,0.8812981459081127,0.4610741865334333,0.29112543817382736,1.7910233484900695,0.0,0.0,1,0.06409193473860142,0.0,0.046875,0.11593437261821214,0.0,1.1957611181898148E-4,0.05126728110599077,5,5
1770319967829,0.8832335783393297,0.4348952734550071,0.7368131840716065,1.7242999658090468,0.0,0.0,0,0.061526809407375434,0.49019607843137253,0.046875,0.11431703108411023,0.0,9.566088945518519E-5,0.05110536893482631,4,5
1770319968085,0.8912014434245403,0.5137488347279359,0.37969902571226954,1.6852670811274237,0.0,0.0,1,0.06270371238615993,0.0,0.046875,0.11404729194051023,0.0,7.652871156414816E-5,0.05094447624499143,5,5
1770319968339,0.9078947974762129,0.4553725405246731,0.49485862828530636,1.6396487033637388,0.0,0.0,1,0.06322459483248319,0.0,0.046875,0.11377740461614969,0.0,6.122296925131853E-5,0.050784593437945835,5,5
1770319968595,0.9030671358891466,0.49809435855167333,0.02158094983754736,1.6277759013825035,0.0,0.0,0,0.0643361993297634,0.0,0.046875,0.11350759366862705,0.0,4.897837540105483E-5,0.05062571103526736,5,5
1770319968851,0.9143252817260854,0.5948924288072349,0.1858549005639876,1.605398885496016,0.0,0.0,1,0.06655828542920095,0.0,0.046875,0.11269800878085785,0.0,3.918270032084387E-5,0.05046781967677916,5,5
1770319969106,0.9191529433131519,0.42200528507158747,0.4053784487919287,1.5695455830797522,0.0,0.0,0,0.06460907642744852,0.0,0.046875,0.11215810125341444,0.0,3.13461602566751E-5,0.05031091011871114,5,5
1770319969362,0.8924862766464854,0.4867269530107401,0.5342698180707852,1.5266309506881437,0.0,0.09090909090909094,1,0.061720769458145266,0.0,0.046875,0.11296725077132566,0.0,2.507692820534008E-5,0.050436742744435104,5,5
1770319969617,0.8837444224834243,0.39102767723476056,0.5555405999662605,1.4837271724696126,0.0,0.09090909090909094,1,0.06686513812601175,0.0,0.046875,0.11188756472027543,0.0,2.0061542564272064E-5,0.050561797752809,5,5
1770319969872,0.8830671358891466,0.2763955744349504,1.0,1.402739027282236,0.0,0.09090909090909094,0,0.06138305626098451,0.49019607843137253,0.046875,0.10972883817679506,0.0,1.6049234051417653E-5,0.050406048725847086,5,5
1770319970128,0.8990832033465411,0.5703748224475321,0.2602691793133546,1.3810521719284607,0.0,0.0,1,0.06616054663233159,0.0,0.046875,0.10918942090287226,0.0,1.2839387241134123E-5,0.05025125628140703,5,5
1770319970383,0.8984756567188741,0.410125943400398,0.4795376344291075,1.3466265362237608,0.0,0.0,1,0.06409728300327992,0.0,0.046875,0.10865029309722977,0.0,1.0271509792907299E-5,0.05009741163373227,5,5
1770319970639,0.8926957716782735,0.3710145673095734,0.3293074543381341,1.3222625237626624,0.0,0.0,1,0.062291363110562104,0.0,0.046875,0.10703430582703002,0.0,8.21720783432584E-6,0.049944506104328545,5,5
1770319970895,0.8763037667389076,0.34888721307914256,1.0,1.2454640103660195,0.0,0.0,0,0.06579925786963499,0.9765625,0.046875,0.10461611424470248,0.0,6.573766267460672E-6,0.05006915629322273,4,5
1770319971150,0.8652120633521515,0.41482558354178667,0.32610711685147104,1.2231476686613372,0.0,0.09090909090909094,0,0.06813983634863038,0.0,0.046875,0.10434785972645798,0.0,5.259013013968538E-6,0.049917264202978484,5,5
1770319971405,0.8764050424935779,0.45012273060103836,0.42647948363104343,1.1955627478939335,0.0,0.0,1,0.07113877495798741,0.0,0.046875,0.10407963759688381,0.0,4.20721041117483E-6,0.04976629089909268,5,5
1770319971660,0.8735128133377285,0.5484869494034452,0.20535655288685886,1.1814673963353772,0.0,0.0,1,0.07242678077087704,0.0,0.046875,0.10407963759688381,0.0,3.3657683289398643E-6,0.049616228070175405,5,5
1770319971916,0.8809534690822455,0.48259494353714205,0.25406455147668405,1.1650157794874523,0.0,0.09090909090909094,0,0.06407368776438198,0.0,0.046875,0.10327633272562241,0.0,2.6926146631518914E-6,0.04946706750478269,5,5
1770319972180,0.8788782815858512,0.38493038450115313,0.01604437970737981,1.1622117988588978,0.0,0.0,1,0.06817039262553819,0.0,0.046875,0.10300884222595441,0.0,2.1540917305215132E-6,0.04944004370390609,5,5
1770319972435,0.8915343283249069,0.2737445294245832,0.8595725552996311,1.11312094989382,0.0,0.09090909090909094,0,0.06452975828572786,0.0,0.046875,0.10407917317294131,0.0,1.7232733844172106E-6,0.04956427015250542,5,5
1770319972691,0.9001364274227903,0.5043613813739448,0.2651098983322752,1.097525321955839,0.0,0.0,1,0.0643934252647976,0.0,0.046875,0.10300847541495017,0.0,1.3786187075337686E-6,0.04941623676350804,5,5
1770319972947,0.8905508442152683,0.3463599961426049,0.5073469589963001,1.0693051868706642,0.0,0.0,0,0.071371305897057,0.48828125,0.046875,0.10114043483615405,0.0,1.1028949660270149E-6,0.04981050351922034,5,5
1770319973202,0.880179480004395,0.4255909499654124,0.2297179042715978,1.0564649521167617,0.0,0.0,1,0.08320498077035954,0.0,0.046875,0.10060800365242051,0.0,8.823159728216119E-7,0.04966261808367067,5,5
1770319973457,0.887217510881935,0.4529384012843907,0.215824712210461,1.0446835481895904,0.0,0.0,1,0.0774385126829746,0.0,0.046875,0.10034197153443045,0.0,7.058527782572895E-7,0.049515608180839665,5,5
1770319973713,0.8692926983783292,0.4677850394986385,0.34530029584718264,1.0265602298466006,0.0,0.0,0,0.07133921911853226,0.0,0.046875,0.09954560069933471,0.0,5.646822226058317E-7,0.04936946605849213,5,5
1770319973968,0.8726527190966683,0.3831339898119132,0.3292543491471343,1.0096773884234747,0.0,0.0,1,0.0698721924206371,0.0,0.046875,0.09901559732487207,0.0,4.517457780846654E-7,0.04922418405564477,5,5
1770319974223,0.8778947974762128,0.4981611966109625,0.21508047769919045,0.998898433122538,0.0,0.0,0,0.06847391417166124,0.0,0.046875,0.09875081239671533,0.0,3.613966224677323E-7,0.049079754601227044,5,5
1770319974480,0.8776201357489123,0.46107251153866524,0.24443803449679308,0.9869517126078778,0.0,0.0,1,0.0670838228190108,0.0,0.046875,0.09795795993259516,0.0,2.8911729797418585E-7,0.04893617021276597,5,5
1770319974734,0.8861955474617899,0.3508192849197973,0.29980360421014135,0.9726152390039571,0.0,0.0,1,0.06527335464068017,0.0,0.046875,0.09611585765892161,0.0,2.3129383837934868E-7,0.04879342349509419,5,5
1770319974989,0.8757929225948127,0.579758489537846,0.7316000527188473,0.9377477638288483,0.0,0.0,0,0.06902718205454014,0.49019607843137253,0.046875,0.09532984324680001,0.0,1.8503507070347895E-7,0.04865150713907984,5,5
1770319975245,0.8793624383449399,0.35014472345937636,0.3057682700236709,0.923836816691233,0.0,0.0,1,0.06863496677707327,0.0,0.046875,0.09506817264367269,0.0,1.4802805656278317E-7,0.04851041392037969,5,5
1770319975500,0.8853785058023347,0.41902877776309705,0.16333099126656858,0.9169207364313539,0.0,0.0,1,0.06687383325325322,0.0,0.046875,0.09376463684826229,0.0,1.1842244525022654E-7,0.04837013669821244,5,5
1770319975756,0.8684756567188741,0.492262418783032,0.4869901113127189,0.8951725665155308,0.0,0.09090909090909094,1,0.062675669338965,0.0,0.046875,0.09376432336184941,0.0,9.473795620018124E-8,0.04823066841415469,5,5
1770319976012,0.8799002450059962,0.4236707838430439,0.410514395983513,0.8773346170453036,0.0,0.0,1,0.06407787098022097,0.0,0.046875,0.09324455050847522,0.0,7.5790364960145E-8,0.048092002090956654,5,5
1770319976267,0.8699048182770943,0.4300022629502816,0.9993571927866922,0.8326157101375671,0.0,0.09090909090909094,0,0.06910584827807106,0.9803921568627451,0.046875,0.09169222755715863,0.0,6.063229196811601E-8,0.04821475110763618,4,5
1770319976523,0.8484371774083672,0.6212989737009923,0.4394912851702224,0.8140530821045894,0.0,0.0,1,0.07291698843417097,0.0,0.046875,0.09195006193995454,0.0,4.850583357449281E-8,0.04807692307692313,5,5
1770319976777,0.8508638894072282,0.4508446880356865,0.6391817681120389,0.7866871519024765,0.0,0.09090909090909094,1,0.06912246882790149,0.984251968503937,0.046875,0.08938379292740065,0.0,3.880466685959425E-8,0.04793988079813427,5,5
